Depth (m),WOB (klbs),RPM,Flow Rate (gpm),Mud Weight (ppg),Torque (kN.m),Standpipe Pressure (psi),Inclination (deg),ROP (m/hr)
1000.0,21.236203565420873,149.81617140197451,392.5664644193098,11.59540892568109,26.22818884892763,578.3851104351287,4.741930350743564,44.12020972392426
1004.0080160320641,38.52142919229749,133.60963663441203,570.950473689179,11.395909388148656,35.206473146590724,580.8494630425749,1.7832363707738719,45.384757820529565
1008.0160320641282,31.959818254342153,110.95276162863277,736.4729179382041,9.128210329032179,35.007835308946,451.5872855202908,0.0,47.86026017430366
1012.0240480961924,27.959754525911098,161.37950197069486,666.1124432047807,10.706239138130782,36.05718575896029,538.9101730082525,2.081282220341063,47.98962690406812
1016.0320641282565,14.680559213273096,148.47311725538793,703.2805739307248,10.900978093929286,32.22884402036792,556.622904443493,0.0,38.94416024453603
1020.0400801603206,14.67983561008608,96.26169393448913,629.3916833553587,10.994113904484502,23.72482465484773,586.0752293391405,1.0267910933546427,27.039970341801453
1024.0480961923847,11.742508365045984,171.09271844938425,646.1382822589262,11.900861846136662,33.815658951168295,619.6784673546393,1.6796904418785554,40.94784112503397
1028.056112224449,35.98528437324806,162.25372429231692,724.5978257826596,11.668012733634392,37.19814642590016,609.0103696825502,2.876596391300109,54.409794793293294
1032.064128256513,28.033450352296263,174.9799913291924,424.83400442959294,12.039525463967223,34.55117126953622,631.7392525746084,0.0,57.77734759859158
1036.0721442885772,31.242177333881365,152.57195083883602,544.7124818215702,12.824416307710642,32.60647315697312,654.8147540721912,1.2074464670952954,49.36765045379315
1040.0801603206412,10.617534828874074,141.341519593579,410.60472090980113,13.064928693580468,13.989169319485155,673.3738733048953,0.0,36.843487394804576
1044.0881763527054,39.097295564859834,121.82430362906189,793.8340039983235,12.590615381132473,44.85063829128928,651.2813541179235,1.5548556877013398,43.008396545379576
1048.0961923847694,34.97327922401266,173.2728483354013,772.0296698433067,13.777618479774674,42.13278294516388,717.3490610720255,0.0,51.4151806428752
1052.1042084168337,16.370173320348286,166.60638895004084,319.71340568425296,9.091162913381808,27.820533042919752,452.49437468738637,0.2359025300963925,49.25392731771425
1056.112224448898,15.454749016213018,84.52186701061893,652.7875862578442,9.97888992841773,29.18457258320883,469.75178084309323,0.0,31.297477725039414
1060.120240480962,15.502135295603015,82.6366974497252,762.624158707833,9.037814374890711,31.53316854594124,472.0838602620445,2.3623927241282763,22.032882631826638
1064.1282565130261,19.127267288786133,117.64633668780496,390.2876725636668,12.237373570773014,23.033469490220874,652.0322714375594,2.7810304898263567,35.342572671842035
1068.1362725450902,25.742692948967136,161.0553330781833,583.9726152763147,13.490152744749935,31.588808538653897,710.551123740618,0.5988951326302625,53.97019744807196
1072.1442885771544,22.958350559263472,178.72761293149443,757.7441487940209,10.217411482881497,36.89338444928396,552.9108482997189,1.148620278497211,48.02936379057502
1076.1523046092184,18.736874205941255,95.04168911035282,316.9729892928994,13.635172723981533,24.62003607930875,715.9904403139881,0.0,35.63199408063231
1080.1603206412826,28.355586841671386,139.4130715352135,648.71013362342,9.301336951447805,37.248789494494496,486.3013034003216,0.4808070246277085,46.21175565710092
1084.1683366733466,14.184815819561255,118.08908566310215,448.6745036862754,13.67218013402757,21.992865620130534,701.0155559600788,0.983759102589857,39.83673473742335
1088.1763527054109,18.764339456056547,176.99143978146031,762.1980976882652,10.758113436198173,33.47784669430412,548.4185768318696,6.329762534765361,47.932673157792316
1092.1843687374749,20.99085529881075,164.21189231357087,785.5291225826838,9.507104142246083,32.16090761266745,492.5996236692437,0.0,57.92746126889102
1096.192384769539,23.682099526511077,163.83287047111378,772.1332445567169,11.429358795931629,25.689238379118777,606.9473601287058,4.0245468622744145,53.904764527068195
1100.200400801603,33.55527884179041,126.86931597949703,537.1071083287319,10.28388283860254,44.60534420921313,554.3850439233653,3.0939179477332193,46.60163063599007
1104.2084168336673,15.990213464750791,121.48195023376653,731.0213254946567,10.424364509809614,26.406317185058494,540.3599397417004,1.6654812258139402,34.56772990593442
1108.2164328657313,25.42703315240835,107.34070719307063,722.2746992675352,10.536449824631433,30.826583048446892,539.4869469125694,4.625457401255998,32.590921315095805
1112.2244488977956,27.772437065861276,85.6375496650927,459.55023662162785,13.015129489163318,37.13355349704127,664.5535407339468,1.8564353941115213,34.457897235849856
1116.2324649298598,11.393512381599932,166.47223762550533,714.4577370753386,11.695806383376272,33.76459223654074,618.2481862596561,1.8945508562657172,45.1779021783932
1120.2404809619238,28.22634555704315,161.29010091300776,318.5038173577463,10.556538495780018,31.438873302868068,508.50494298706246,1.0139991749268333,41.4624497248689
1124.248496993988,15.115723710618745,179.97176732861305,598.1349392410266,12.051668916554592,30.351231044428992,574.6038749422157,3.5713862618312433,44.72097477541839
1128.256513026052,11.951547789558386,179.66368370739053,415.0044186438515,12.580753371115968,30.684986656953097,630.4770641252823,3.321194980647819,47.66308511577209
1132.2645290581163,38.466566117599996,135.54317056026275,360.2834428886394,10.36312000366767,45.344101676278044,504.5502549517594,0.0,50.123583852125435
1136.2725450901803,38.96896099223678,156.89874151805105,338.4766008146046,11.067745507626757,43.09213917430812,553.3787694528298,0.0,54.908435056132426
1140.2805611222445,34.25192044349383,174.47657298824282,648.1443879390699,9.609430466684739,38.096432248775194,496.9602485960596,0.7343192863309305,64.16098045596563
1144.2885771543085,19.13841307520112,164.96473906774116,469.9374818840331,9.905746747673401,28.31702697744313,500.3204936597308,0.0,37.86023316618669
1148.2965931863728,12.930163420191516,104.73481017431976,662.3833857643807,12.405589269824914,29.86173298905509,669.200315753592,1.0212474439556625,27.120498513053757
1152.3046092184368,30.526990795364707,125.05441353100935,332.6781703994712,9.907191738478135,32.94889252212305,511.87482732793734,3.6271808785867155,32.16687723786502
1156.312625250501,23.20457481218804,92.9159415151495,457.64516891530513,11.6258169183353,20.121787493631007,601.0296881764407,0.24170931507692117,31.712505085554703
1160.320641282565,13.661147045343364,175.40510272587224,569.7456461876686,12.545231308612163,32.21978536911132,656.7980776971062,1.0746738786594152,47.376604355397696
1164.3286573146293,24.855307303338105,140.617463445088,695.3615824194817,9.53438461547372,40.23390100339261,474.80341589065506,1.2803741269314197,45.067655972169746
1168.3366733466933,11.031655633456552,102.86428055034628,459.37625146603494,11.836561098144518,17.06789910595295,626.3915781996124,2.865198437757263,20.3723304454164
1172.3446893787575,37.27961206236346,147.17006844058568,612.9456882185045,10.282813918506818,37.038046295207195,531.0137808411868,0.0,57.464704327858605
1176.3527054108217,17.763399448000506,141.81282404578957,742.9888741180936,13.8146343761879,35.50452513724268,726.4309973777621,0.0,44.870643203923166
1180.3607214428857,29.87566853061946,115.81627180328405,607.9315940911523,11.417728233599624,48.832526042725945,567.6872148419126,1.6029281060018312,40.796830106925526
1184.36873747495,19.35133228268233,91.3557592199629,416.4797373768169,13.029962748875791,33.46700942921721,632.9173542447728,3.5845266503286726,24.591120298263334
1188.376753507014,25.602040635334326,147.15731955927996,312.200390778269,11.75113271078131,32.92854068166177,613.2804404229141,0.2045718584946037,47.963735076856665
1192.3847695390782,26.40130838029839,132.03077009037932,735.049436950465,9.217062664274096,36.13386737540656,490.432806844169,0.0,37.35157468193546
1196.3927855711422,15.545633665765811,157.2318391735639,310.63470542519354,12.16575687797011,38.57505464004667,599.5658539741111,2.435815677503415,47.25621902434422
1200.4008016032064,39.08753883293676,132.01635011119933,737.3508363420997,13.757016711033284,40.32196455290983,692.5780990164333,0.0,55.392070905415714
1204.4088176352705,33.253984700833435,165.218150031854,564.4685670136059,12.008059100731657,36.719208669870866,639.8457077352864,0.0,59.501401983516146
1208.4168336673347,38.18496824692568,135.19068387744855,769.5338492564481,13.09594429713395,40.84710318589937,654.0949924770445,0.0,43.917508600987006
1212.4248496993987,36.844820512829465,136.09379715353862,699.3916178868327,13.42103231674204,37.904264209109144,724.8868234388262,0.8433741343876997,48.93338749184784
1216.432865731463,27.936999364332554,167.66536026583452,798.9670552666687,10.140398859744662,38.910508576769516,512.9765399522759,0.006943536655037441,45.63807138580877
1220.440881763527,37.6562270506935,120.34828662123971,475.3559077258551,10.060224199541134,51.36032345296509,530.0397257210001,0.0,45.59014224996177
1224.4488977955912,12.654775061557585,93.40152284506408,683.5941444655634,12.05490494425496,32.43176185227076,616.6807020317352,3.0185812915698556,24.356372470654797
1228.4569138276552,15.879485872574357,82.8782676313339,500.9654568046211,11.055142349033524,31.247113702208843,579.8498297774617,3.7782069963850997,11.169572389749975
1232.4649298597194,11.356818667316142,155.51372556736192,539.9378101519544,13.199306514333601,28.868651586274737,665.2811799789549,2.535508912538731,34.198958485707635
1236.4729458917836,19.759909922897933,142.03095513534646,613.752731609185,13.500115616990055,26.793459835801354,690.1625046763324,0.0,38.70881755941623
1240.4809619238476,21.660318690684463,150.40797680992236,736.8385570931694,10.76710689651359,40.05532746955498,561.278885046389,0.8374978940288118,42.043444033376325
1244.4889779559119,18.140470953216877,101.29641615089108,792.0417345996475,10.18435279487241,33.57082905066267,512.9351426659805,1.2314463474969957,20.96688586522261
1248.4969939879759,34.86212527455788,93.63714755867697,684.1367069322591,12.90262757621931,41.49860294908534,680.4719669273358,2.4460857731117964,34.98213061176319
1252.5050100200401,20.70259980080768,81.4544665667882,508.8833910836669,10.37403017774068,51.36693794002895,523.7037392901124,2.5891859874562018,23.519957814942458
1256.5130260521041,18.428035290621423,115.0587558806597,510.6785011385351,13.113071592568392,35.83804270818123,666.4019363557752,0.0,30.195168489094982
1260.5210420841684,26.280882494747456,138.9917686854633,668.7911507944457,11.118691268243815,34.591906838581174,556.1113104438539,1.4245121549112891,38.45380393137923
1264.5290581162324,14.22772674924288,119.22440450997323,419.3885728841512,12.337749496457352,30.27265655591837,578.2224588334859,2.1790898673467147,35.4794297785339
1268.5370741482966,34.06590942262119,123.74749220237291,355.23705656569734,9.47767656917334,48.1459247402603,480.72038490363457,4.18018171844183,49.74886719598098
1272.5450901803606,12.236519310393124,170.41586944937484,477.3110788203883,12.119296623382866,32.1355135114926,668.5364719660133,2.681558169829807,42.09976216897272
1276.5531062124248,39.60660809801552,114.82554670233003,443.61949582704085,11.258838393686146,38.14297628166942,591.9425903170791,2.8546664809634628,38.424602411808415
1280.561122244489,33.16734307889972,131.39894891598107,448.15406022799505,11.93304231587737,46.79103865721566,609.7115300060206,1.448214378103211,45.65378331885926
1284.569138276553,15.961470446025173,158.3653012741143,416.80387552495495,9.840071038724318,30.33139756084868,499.24985161779915,4.105487428683561,40.85448732374641
1288.577154308617,10.165663513708072,119.65427823212701,321.04659481818095,12.68436872472091,40.2208637241141,644.2991519368318,2.108102746227612,27.396357680089793
1292.5851703406813,34.463842853645026,142.20867002278735,308.9369673667069,13.313985387716142,48.483865162209376,685.9097607103126,0.0,50.666936488875265
1296.5931863727455,31.205720315428515,166.23637087467452,793.8611948680158,10.083699000453878,39.29811440687541,504.3845295625575,4.103333126623127,42.96105911885269
1300.6012024048096,31.87021504122962,174.95206236576422,513.8865668679312,9.478572777600808,48.35221337738656,511.63166977945576,2.6964077474828647,62.00622583055932
1304.6092184368738,33.13811040057837,94.7073480929038,492.16332357984084,9.118192930231682,43.00051712166368,484.9821725278042,0.41852117617990925,32.29857006543829
1308.6172344689378,12.22133955202271,172.65876251614944,639.8236413465349,12.20985750221633,36.54688284100121,644.0512988653712,0.34963129967045126,42.7646604633559
1312.625250501002,20.753971856328178,129.2116293079538,409.1269439325321,12.035470180443903,39.053155024656505,622.8168321163657,1.9057763407825257,35.56805144443296
1316.633266533066,13.476071785753891,105.82443882989584,774.9805919751127,11.733487063570351,28.838917948583898,610.3161040916507,2.2430028570682357,25.13118165161763
1320.6412825651303,35.89310277626781,125.91357562382613,693.1725072077761,10.159735480579878,41.1416278778492,542.2391739645635,1.715225813827543,33.85820473240581
1324.6492985971943,28.698943804826737,178.0032575285477,344.70550115612974,10.954529979527573,45.99226196226306,569.90394668589,1.947266645482964,61.9786473122719
1328.6573146292585,19.926940745579476,129.26180939928696,508.7903878924642,11.972381675930865,34.8627400048422,606.8019812144967,4.728572063782019,35.66206820763634
1332.6653306613225,11.906750508580709,112.87516102875082,739.5591537810824,11.483834294295846,30.58843955130682,584.9064538702868,3.475751635131094,28.704280908539253
1336.6733466933867,19.329469651469864,143.34008543167258,772.3660111457052,13.938927601074436,31.622588862855906,722.1544862933326,1.7179445292234354,44.057775841173054
1340.681362725451,19.75549966080241,104.0145618778193,533.7007556249348,9.682198762783665,38.80937241287753,531.101363837835,3.2233025242604176,22.569492478690986
1344.689378757515,31.88818535014192,87.5863328108664,606.7056946053539,12.475722770237969,53.15050484643699,617.205167836981,0.0,31.14045822593187
1348.697394789579,29.126724140656393,92.88797219106492,383.5169730460376,11.021593840521462,36.19964539484842,533.2346959024054,2.144551494683197,27.604574325257914
1352.7054108216432,36.616382277289794,92.80458389577724,795.5843130684882,11.140998074628074,45.483396638441555,584.2126499481886,4.971318110287863,36.856366075244104
1356.7134268537075,24.16644775485848,95.19026935122943,415.8358506917217,12.587988828290882,46.278595191580536,642.892270972416,0.9206216360689599,16.437033312503523
1360.7214428857715,13.58782737814905,93.88271726494102,771.3658870675629,12.462180756621848,33.61013559056138,649.7168477305273,0.0,20.85604293849277
1364.7294589178357,31.39734361668985,144.08747448032148,624.8233244961842,13.956279968510941,45.255119967950314,721.4377621186027,0.060551681731714435,42.263516284343204
1368.7374749498997,32.82355145850693,98.18800843991448,603.8683974394296,9.641971447270626,38.47455758751707,495.7505791940181,0.0,34.34211826489959
1372.745490981964,26.83831592708489,114.56672833238632,556.3442555082543,9.520548246920832,43.015603269219966,522.5150087833309,0.0,36.41194249027971
1376.753507014028,33.12901539863683,169.6788409906012,415.3349058588793,12.621694085643705,43.16385651457624,611.5266718884213,0.63573730983397,50.16249545224836
1380.7615230460922,24.81386789093172,127.39616402628724,388.26401600275415,11.891934585032045,44.950814384787016,589.6747092360799,0.0,33.25729860201089
1384.7695390781564,25.681984881459822,146.75577385210272,410.2431045350877,10.37080333279903,46.47331348011679,528.7823645730232,1.4160062069773627,42.46670236279252
1388.7775551102204,22.826230550756488,97.23198712016298,393.21913107212725,9.397096844944933,52.136484587675724,448.78763995632715,3.193331902683515,22.211724723748894
1392.7855711422844,10.762573802322855,99.22890188086708,689.7922367833767,9.428291247982152,36.135164190074995,488.59124141396745,0.0,25.432020231259344
1396.7935871743487,13.236742809799134,84.08686162664789,475.06262958336504,13.470954373320591,36.18322473129737,721.029000868091,4.435361434457886,16.03045801891321
1400.801603206413,10.942875570602027,96.89350630721646,328.9213382816982,9.959336623593714,34.45939135731595,508.2522010940559,2.4223857802616022,5.996532548793617
1404.809619238477,29.092312337913413,107.85903390319586,784.5513150704057,10.616857810577603,40.8765170896728,558.993448095366,3.4659707904865913,30.98165986442167
1408.817635270541,19.4306794322898,97.70104842767468,741.8929424817129,10.13328201113494,39.58411163886417,503.7175935277467,0.09314852756626668,19.74475878752203
1412.8256513026051,25.257120734941083,88.87025337570556,763.8761415976064,10.774981529159687,39.408066342827496,549.3381325451229,3.1218761054358364,17.00500078985143
1416.8336673346694,37.22699421778279,92.06358711006008,797.4539113232177,9.347119213730467,47.79247533693285,483.77565041974117,0.0,25.877103377449863
1420.8416833667334,17.47876687446625,126.07787680327257,386.9476246097436,11.595298954541352,43.744204782607596,585.0190745302352,3.2013366850397507,32.9013720037124
1424.8496993987976,22.31148769106889,100.63337184057926,498.12100945132937,9.338062817961074,34.6200250071122,507.479647081669,1.76852837898586,33.740462544961396
1428.8577154308616,32.66653415629146,116.42698610480755,679.1192378520457,13.001782539111808,50.60981419240819,681.6165253056542,2.535360155400429,38.53870812460428
1432.8657314629259,16.863944964748676,130.34172708548567,648.010309026896,10.168560409552166,43.674862448332185,505.63917060967447,0.0,30.173316352312078
1436.8737474949899,12.309397294863789,149.03948286293652,376.94795316992753,11.700059573022553,34.3018309623763,601.2415128148657,0.0,38.77732700721647
1440.881763527054,18.69254358741304,83.93121398410989,707.9165624953089,13.40039543780729,27.554632569204628,701.2217037351595,2.6353382000338237,17.821366802573984
1444.8897795591183,14.836638617620132,159.94103989090428,412.2202859183303,12.25438684523597,33.277004964520266,647.8889316097736,0.0,37.47873163467444
1448.8977955911823,37.890929570277194,142.79003894909079,411.90880741131156,11.664788932756677,54.408393429767784,627.2075245915406,2.3753103797894286,41.52168517278909
1452.9058116232463,34.24361138693251,88.17590319488718,568.4872114467069,10.621668765576878,46.06558161443677,527.8361707856877,0.0,20.286374501941346
1456.9138276553106,29.002112695312704,167.35786241067774,596.4699674208516,10.66500956529099,38.64282173928802,534.9274270629684,3.1532622529886467,48.189658261509344
1460.9218436873748,36.143817705631534,172.08724005318132,590.0431039189057,12.347434775990951,44.766471120422175,609.9214747388223,0.0,55.87912988149708
1464.9298597194388,34.110162306973436,86.10779598548638,345.74341869887746,13.970696806105838,50.55677848039826,704.2267456841187,2.5695297350784854,27.7550030018638
1468.9378757515028,15.597101766581076,107.68776481472037,738.7304313151901,12.309195949246893,39.91097623932749,646.948877890727,2.7201997430435045,23.33566693045482
1472.945891783567,36.77676995469933,160.62012797930612,432.80002129435303,11.788917086850125,46.652642317172536,622.1765453131188,0.07940225492441733,47.11623414982193
1476.9539078156313,26.18026725746952,154.82596903836583,364.7574606414021,12.65325255119623,40.79508972597395,642.0863309062031,2.641007041985085,47.809616220513036
1480.9619238476953,34.22320465492187,98.45210193563773,744.3740399344886,11.32602806141859,44.77205005919573,582.2356738038673,2.0018464505148073,25.251954069942375
1484.9699398797595,36.8827389977048,100.93493233367103,777.8257491148767,9.300711713003926,43.528717373955075,491.40551796861746,0.407286227494283,37.752289369373486
1488.9779559118235,19.540104249155917,117.0472102791382,731.0638086327253,11.81148407938955,47.626489690161634,595.8032601958588,0.0,24.983350554567558
1492.9859719438878,13.301557735830302,128.45229851910213,704.758037362439,13.7881264225269,34.89889596073621,752.3398366811136,0.0,26.49443251744173
1496.9939879759518,16.83805487625825,141.8254771530296,627.6209903195108,9.876514711788298,44.44469980177565,480.50114475663906,2.1962940825753394,28.662804751200106
1501.002004008016,22.813233658787688,116.89136395697724,575.4286853045696,12.450024454103328,49.033237169166426,643.4588948422179,0.0,28.956995241978674
1505.0100200400802,34.54044297767479,126.25347161331479,343.49337995570505,10.004668443295282,52.361976380378806,551.010347948028,1.6956984189226967,44.97272506482092
1509.0180360721442,35.82191749769031,154.74709381337567,504.22660653534933,11.679138422365407,45.9332179066978,599.2197162055307,0.9821216039076459,51.82304697435619
1513.0260521042082,10.208563915935722,83.66832028905979,486.34425850615696,9.483382248233598,37.38345345173508,484.9586594668348,2.871311602980599,19.96662808378389
1517.0340681362725,25.32241907732697,105.24369443440207,429.8768918801631,11.251854681290926,42.880912869434354,568.3401323647427,0.9129430691565442,31.67468991729106
1521.0420841683367,22.52233009446337,151.33495858845524,661.7100568442925,12.78081664447623,37.16349742694778,655.2843002938921,0.862146511474154,35.932882639433046
1525.0501002004007,16.663234314121908,169.52068376871995,547.9378675393854,10.73785762119491,40.45441556967698,580.7879865794577,2.988791508776992,42.28337516403514
1529.0581162324647,13.595961020010485,131.16774421156663,340.52310795382397,12.32455862243609,31.483943878855527,582.206386133829,2.1991741744007,26.95672696556327
1533.066132264529,20.12845514210884,133.21134852653157,410.09160097490565,12.977249803948645,46.66394715865282,691.833912252606,2.1653780466300856,41.34984532656381
1537.0741482965932,38.287291117375574,90.71720113397761,641.6293818297979,13.635889097397264,47.562042038127686,672.5641932757543,2.475609327913646,25.00412118378358
1541.0821643286572,19.696087960622656,124.74123668234546,338.0654297451501,10.173210409277267,41.67548554624867,513.4694367715296,0.0,36.32808178867395
1545.0901803607214,25.563718652300985,133.2617266455023,725.6034570243844,10.996579579046541,45.10010229109563,563.0121942570853,3.0586675403346852,41.77424486673781
1549.0981963927857,31.090568766855334,104.24705036347297,547.5732635069871,9.762080066652087,45.232723442762996,516.3022666332283,2.7740357844199903,40.47651853712213
1553.1062124248497,20.90888807137882,106.9243230949381,540.293288663324,13.962417510791877,44.45003729156278,682.3671871618186,0.0,24.952245876774853
1557.1142284569137,39.15346248162882,117.72841631046226,596.2038923297588,13.635004839621477,48.34449752684006,708.8798120726054,1.0689532811085112,42.88572464728477
1561.122244488978,38.87341884826334,82.00711977777263,712.3404829625746,11.699785651402799,55.01564080119745,646.8456895247542,1.4825076692337158,39.83588209526789
1565.1302605210421,17.553468874760924,112.20791655831783,473.90460395109653,13.210166471882106,33.349441246567565,647.461981620782,1.2961366917175767,23.699598414996903
1569.1382765531062,24.91745517677156,101.14480069965447,639.0080762795318,11.60478988636021,44.473391017179964,603.2038599586043,2.2368582096901752,19.43558379508926
1573.1462925851702,19.026349294503092,112.74973521779147,582.8659819978955,12.117928440013799,50.670745494246376,610.1427579046946,4.435879856247537,18.20658211719846
1577.1543086172344,18.545214831324028,91.97621318192512,433.5141350847107,9.445622160580083,35.814036964978825,493.8042762054062,3.740687763962892,24.65748842837386
1581.1623246492986,11.106608420635984,169.0527280739895,739.314993177579,12.77635210248404,33.78782585067971,661.3800104678445,0.0,31.041748345728934
1585.1703406813626,28.286930019396905,139.35924535540488,698.713010803464,9.638567418176175,48.41641107162028,490.0600230520265,2.82931032129346,38.237939944816674
1589.1783567134266,25.080370696865845,147.91023191444896,629.2259173292127,13.130338151262642,45.22166139239945,685.15113078043,4.247044995784246,43.208037290828145
1593.1863727454909,11.54436253749968,158.91712386073382,725.2908645471209,12.91014043835193,39.38905922002745,703.3527100497449,2.366803414123896,38.441332383664644
1597.194388777555,18.359393927098346,129.84421989290573,733.6471004799012,12.543723488714882,43.5695203898386,645.3775116155952,3.779155239149489,34.2882433645662
1601.202404809619,37.24797657899961,88.69202880874236,654.1814883575173,9.180801902623811,53.82164372850104,493.0606986248797,5.62574329621115,30.331022163030593
1605.2104208416833,17.186856720009175,133.71065418185478,718.506664181836,10.515641779726643,46.246135986619365,521.471829754364,3.652629513055646,39.048849472711154
1609.2184368737476,14.346846162736693,138.6841118020879,648.7357308346418,10.315562849554215,41.40688510348586,516.1114868663898,2.1078356281572055,27.92489034956325
1613.2264529058116,24.68358280832689,154.543947418433,640.0703858801502,10.800682037357596,43.400032189186966,568.6843390018919,3.7034034010753185,39.187735408342576
1617.2344689378756,39.56951362331802,123.16595462296794,609.3056891075921,9.438213733819193,55.49231469643018,519.8721779349067,1.907010135131658,36.69890128281651
1621.2424849699398,17.261658145345013,92.75803027955638,676.3583197788206,13.684789115155315,50.55508844654738,711.6424723268435,1.6690485715398509,24.396772366153073
1625.250501002004,30.164066422176358,108.37759057987245,379.30255264653687,11.769011203561881,46.923874499215394,593.5684761470271,0.9224220295745391,35.84479831700519
1629.258517034068,32.84858845986153,116.30822963986351,740.4353795994642,10.527621553290118,44.13681804725891,548.5799671609569,4.7560852346982845,37.280304548141686
1633.266533066132,17.12912631977199,144.59172413316014,735.921763872616,10.984907585371417,46.765297167643496,546.314877505355,0.0,41.52688340362236
1637.2745490981963,31.846490458355788,137.07783046689119,314.62364151727957,11.236012702524178,48.06683039137383,583.3296508988346,4.702009998454429,34.783644541381385
1641.2825651302605,21.033493981577596,115.60967258978462,712.9083752823813,12.002971666803086,32.479050563323824,639.182495845094,2.641010812611003,37.122943674177264
1645.2905811623245,28.969174917807383,178.65152487929797,364.4349337367226,11.578397138482488,51.62750746790229,580.8110982795646,0.0,59.24333221963112
1649.2985971943885,29.00589132282684,140.57748193568872,467.55942712957096,13.596959866072087,44.81227667553158,684.4739331623015,2.384597183177232,43.86131425640488
1653.3066132264528,26.073240522242756,103.72267917359945,671.7541281458039,11.48481741452915,45.650086114129635,599.7110591638726,0.0,36.52935242479198
1657.314629258517,12.70869310163225,90.17824726204037,380.3799480241541,13.960790074116563,41.16054078883154,700.7165074257408,2.908330662920589,8.551558398454198
1661.322645290581,35.05907486767714,95.28591391843321,708.9835120595311,13.257124788725479,51.70848873854552,682.8030925055435,3.431785611268563,26.879844475149465
1665.3306613226453,19.623401949152075,104.59577283845081,716.067088978871,10.042552571786679,46.66557328672413,565.6040770420304,0.48061875001853793,20.860608909475065
1669.3386773547095,15.595555311995627,96.06813732595558,553.7338668804181,13.65297607321958,39.00711935024279,694.3203056524717,1.9164340692658743,23.532228699024103
1673.3466933867735,11.223254246642917,98.65670240513057,303.1929358584168,9.58183198942738,41.64408998193735,481.0205845066971,5.581661560887346,13.22446721298217
1677.3547094188375,27.726788295647253,108.50951686938471,443.5190665874564,13.087248542455958,46.112754948280795,654.7171630077185,0.6658613008949643,33.43017786113809
1681.3627254509017,30.326930855268472,97.33735952947548,608.4634591878711,10.903116467382901,52.48477234108979,578.2935665747799,0.0,34.403726751951424
1685.370741482966,10.497634867835684,169.67654246264252,790.5930890137117,13.389871602225348,42.03306968364243,689.5868893173167,4.6486975464081635,42.77408725830093
1689.37875751503,25.36279174897843,88.02337456616422,615.9067635083342,13.340283450537251,41.79177751456683,672.5039146656841,5.614553138576619,23.613375787495688
1693.386773547094,16.79487325593814,132.45113895702548,429.9017905320799,13.029627000588107,47.69508267978611,690.8044843908281,1.7007781172427887,26.259543875102025
1697.3947895791582,29.355183712283495,121.03968269896615,617.0028515498057,12.950152181535307,45.94567042215467,694.4097547135323,3.7203208603958706,29.78129393941318
1701.4028056112224,15.230992870149743,178.23786169086065,569.9926898579278,10.523395695490205,45.683841538705046,531.2610941554741,4.384354636672985,50.32092141270418
1705.4108216432865,30.728132143073978,91.20389021680523,689.9226975755719,9.404596415256261,51.30871907140942,453.59670266286787,0.22044235656651856,29.567869939672356
1709.4188376753505,21.602060389016124,119.78555990457417,353.4903194134792,11.014900893825807,54.18032533199069,581.5000280704331,0.7388071669396137,29.44741219223909
1713.426853707415,38.101899662102035,176.9470433275369,680.5139512510141,9.867622574932543,52.202156993340054,500.1039507689575,4.1751758800168846,52.91124656340849
1717.434869739479,14.125628324379797,166.55071258939802,570.6332893380552,12.474755444512308,39.664927576388486,656.6692828890124,5.087463427156498,29.72463987605763
1721.442885771543,20.231990531507755,161.70720709492798,781.4960019294973,10.730498632688928,44.44775495174607,520.5677353380946,2.8472046061202523,36.05946644309465
1725.4509018036072,13.404205637217672,105.79028270449399,470.9360830193431,13.878051004299575,39.6952219405096,725.8825794715452,0.0,30.74177404761958
1729.4589178356714,37.74080854835688,97.08875873900658,616.310946566974,12.20486038672666,57.459292140602116,604.5089091477265,5.703581141234554,24.300164862511366
1733.4669338677354,36.32018060142943,146.86432199244308,766.0140527550087,13.112402818171805,44.74787593588648,693.2158448725711,0.6715251382438066,45.83211666587568
1737.4749498997994,17.73824883145467,172.93759891275857,351.25486399533963,9.662623363709242,38.35021131799156,493.954275462051,1.0671993875568961,48.4128744565329
1741.4829659318636,29.79952138102537,135.67628930139298,768.6142436182256,13.310072411363112,44.390405401254,669.4832594887695,2.426158634911107,31.91320448160048
1745.4909819639279,34.51666600603647,137.16126894699,643.9428611504067,13.613785952566971,56.91969060216468,691.866857204325,4.853811823393476,41.875356241381375
1749.4989979959919,26.65602434798387,107.99790936602841,333.91852955258594,11.43530959409468,56.8710589968214,595.5094047304456,3.457450951100439,32.92197269139381
1753.507014028056,25.889517350680194,156.94929331919369,450.4817834734081,12.031264688754888,47.492652863213856,617.1955770042514,2.5832380147518768,42.5569731403539
1757.5150300601201,17.25556872701355,98.70437485575233,654.0860443226409,12.824049004514977,42.933976348759124,672.5132911648777,2.6840920902963328,35.005961797965114
1761.5230460921844,12.793083034176977,112.36792364042437,333.67530073438587,9.874193136302063,41.977263254498084,543.2487275274444,1.8485523833791164,14.148691853902976
1765.5310621242484,36.91647273859981,122.54364386164167,591.0852300881367,11.512830382317212,59.578249124825824,562.0892437842836,2.8818100911612614,42.85966155596932
1769.5390781563126,37.01254171489991,130.7610378684455,472.94152847647837,10.993315138861565,49.26028674962334,596.1982542967451,0.0,39.17518274943815
1773.5470941883768,28.993043718198038,104.24097324150802,610.4577588837385,9.731869960811245,51.15930865654048,506.99434955753867,1.1803321760487802,31.892943663851035
1777.5551102204408,20.17089373146102,91.48368247392035,322.87101690625644,10.837672111457657,50.51253721905148,533.594055113608,2.260198980054003,21.961536264198436
1781.5631262525048,20.476287238379825,141.06200424416326,735.7684030761882,9.340861546927467,48.37487699393924,462.5098569238792,0.0,31.075332644363858
1785.571142284569,31.778670366107182,108.86305532402558,786.7444845886985,9.129059534747435,52.54866611173869,476.27290345949206,2.558217777907689,31.83752231971227
1789.5791583166333,36.913307798577314,138.12382214226122,784.4389276428458,9.675831445774113,59.25346752845703,525.7577423564802,1.38063671634439,32.70850170180926
1793.5871743486973,36.61259272795352,95.43627152742023,674.8259158714624,13.81557555794587,40.66187838595452,708.4725729658867,5.304538570979677,32.01754358157282
1797.5951903807613,33.396266375728715,128.11401018548173,365.043120065316,11.747647679475085,56.03941359313412,628.5567761806607,4.943634640810474,38.64717666965389
1801.6032064128256,29.26094938462863,133.25894325515858,679.1315979645112,13.8291108057661,47.39216040493371,682.8059744262091,0.8699920681765001,39.78542644794915
1805.6112224448898,12.524198949851465,85.18235368224269,312.29345822940076,11.16248939165066,33.221159439541246,567.2514943724939,1.5039357993114992,19.051284980585393
1809.6192384769538,14.848861422838413,113.66042781939205,311.06177576449863,10.559080665426297,46.172828478583185,512.2380176559874,1.6617241072601687,25.264465873515835
1813.6272545090178,36.956625655812374,93.44146769389742,461.80510957477065,11.530709314201221,61.619150643901335,597.6622566498036,0.9103083021897725,29.11492768997661
1817.635270541082,28.1928717897877,86.33749704727677,544.3215952023329,11.197558443164551,49.76189873257703,593.9453178162436,2.2076852385973353,17.4159906203596
1821.6432865731463,10.27591154849889,178.99602323899452,685.2037089038965,9.52832342130872,46.335194241727066,488.55704645893184,0.3050791487979658,37.059226061971074
1825.6513026052103,13.044146285980963,112.2353844974723,641.6476883032526,12.204131573451031,51.09649048503792,577.3717321891065,0.0,27.869848567066715
1829.6593186372745,29.905053073241675,160.9874445854635,522.9513531883741,10.080190912547998,58.12028517728657,523.677049158981,3.075081766437812,52.13384375441703
1833.6673346693387,10.15184751538656,105.46406547637639,436.8133331408329,12.097939774489149,49.94909309793702,626.7361597533526,3.0927265031129605,17.187917872352536
1837.6753507014027,14.824241542524959,148.1502722223929,798.5622500788556,12.251005461990767,47.87626524064999,644.593035701138,0.22904383138141782,33.710462667232704
1841.6833667334668,26.462013680997583,156.02278598896865,513.0906511179865,9.76012426564324,50.441842369676095,528.1145766521447,3.632394228258666,37.097937094885886
1845.691382765531,30.756855930780798,139.56387406078443,525.6935121648378,9.306748135553342,44.282426561215175,459.68713854963124,0.5825359244348682,44.65446058230764
1849.6993987975952,29.558837785078016,127.15761885501584,381.8119105958346,12.9038079303422,50.54309442784117,670.2490759439941,2.3560298748735575,37.7567946795267
1853.7074148296592,16.728079283816793,121.18409141472685,697.4047743749647,11.299002118846602,41.22195496192062,609.7223994231385,3.4943954400545714,35.8882801003486
1857.7154308617232,31.365376640426074,114.88682665429954,646.8411128907444,9.29081897752738,63.69171052493657,448.374430582961,1.7904903014542972,27.17996662198697
1861.7234468937875,17.117472624904003,172.9529144247826,410.3848063943802,13.974331585848836,44.913776188166075,717.4211600026528,2.7712052711760564,39.93733667585781
1865.7314629258517,19.76199094477803,163.0619407787729,341.19052280792135,9.288902804981833,47.81164876482848,464.59725931317587,0.8328721751507084,41.299492689390235
1869.7394789579157,32.394742153540726,176.50269106665127,640.2496510373566,12.475176144292766,56.34958753613102,641.335843283726,1.4768063121017212,53.68323129581544
1873.7474949899797,29.48898697141644,92.42972234855448,627.2556071405677,13.918394626317067,52.437455617370084,721.6909292008372,1.4620286332292993,22.657597052636604
1877.755511022044,35.47670231482534,153.08674752036444,436.6297634991047,10.195900521079627,63.76871658000731,513.1493476766834,0.38459881794156625,40.52201485103305
1881.7635270541082,29.7283867690103,173.83404568210378,775.4317811252051,9.711246843435982,49.386217116915056,495.31113402232296,1.528215200822544,52.60380946321306
1885.7715430861722,27.049258100064147,98.12330661656601,375.52894589045013,9.606924697112145,52.213097187941734,492.29515158208125,0.0,27.70958241686806
1889.7795591182364,12.810243034842774,86.64962673667775,516.1674005213009,10.516375737837977,40.488359771295876,519.5588901302818,0.9074720648340271,8.92084344442372
1893.7875751503007,21.031474091783004,154.1120649290059,771.8079600837995,9.505229055053233,41.79137599279399,476.6991889774719,1.324036588410959,44.588694778617736
1897.7955911823647,17.956071030451763,137.4473113179912,509.86365846306114,12.46080670847066,43.87510188434675,651.9237108365548,1.3854360861916044,37.08526654478261
1901.8036072144287,17.319689301372506,164.1828776758272,619.2629738320427,9.311458990650314,46.510732809732765,461.1749580443038,1.418808715472871,39.56815436752908
1905.811623246493,39.190316642573364,93.97723766262895,498.7971989813972,11.547110640748949,55.564879663630244,605.6456980250737,1.7822832235262351,29.12820269949062
1909.8196392785571,21.792931740002814,159.52673118598904,437.107601174335,13.983484269264885,45.63075375620327,721.5392673555532,2.868702675450685,42.426577688592076
1913.8276553106211,36.7613966553134,100.16273200477445,791.9888239799141,13.069851347530093,49.62566411550995,642.7360975200901,3.6628618035756664,24.982726024701527
1917.8356713426851,28.934158779917887,96.36559428657046,504.66700315752155,12.076097191155053,52.40826495366917,605.3935766057652,0.618305217646151,24.34855835832364
1921.8436873747494,33.84433910624945,96.4265797930993,747.0496018395672,10.531268103933058,47.8354414304647,572.8570813127873,0.0,15.869788894261116
1925.8517034068136,25.079112793155765,161.45747202313822,414.9773029455431,12.119479181458193,54.85687028316217,598.7999675384824,0.0,46.10055919696589
1929.8597194388776,27.307116538790773,146.51972206962,406.55235201254163,11.635207319558258,52.66295142284546,584.6688512921014,0.9554538770490233,30.503411583683317
1933.8677354709416,24.77553081456592,132.30654247691194,315.5670414422557,11.130416919451857,43.777362619377136,575.2290750808984,1.2300250998379236,40.25814993779212
1937.8757515030059,15.857289633941335,115.88304841235025,625.8334126879425,9.653551883700997,45.14011446178147,517.12040675134,0.39788361910809145,21.66420135581343
1941.88376753507,31.67356345784516,167.72005408131082,484.26317186188055,13.433021076202333,50.91367505167107,681.1481712450832,0.0,45.67562536830924
1945.891783567134,18.423170873225672,119.24451074226354,732.1791249198186,11.248923244106614,49.72529366005142,572.4613320590923,1.0336501286187576,22.38735129319803
1949.8997995991983,10.729478992943616,161.65994394715773,536.6049533457785,9.973112559103825,51.0649877185715,543.2011737895348,2.3127530398271414,32.923530315016755
1953.9078156312626,29.364168877215036,123.91349085702184,784.0967139573609,10.838796754386449,44.38437840300405,600.2407324139948,3.1439667473023922,39.40971026514163
1957.9158316633266,15.313320382211469,117.69444294249075,392.7627578515606,11.070648762644636,47.39010722010935,584.8924818834143,0.8430697254466841,10.946791474544296
1961.9238476953906,38.21375753058743,126.26797856696064,734.3115839778054,13.137689477834371,57.544691741368325,680.6201842623532,1.1359282034085225,43.75286078886893
1965.9318637274548,38.617857310077625,110.13778741641421,688.2984263958708,12.66807190280701,61.98426631184024,637.8872334994081,0.11253524603283327,34.38106364819706
1969.939879759519,37.44593170661346,154.7609380176251,685.460922322026,12.846524468206699,59.18774658968555,646.2811629488644,1.9070615390099663,39.416740221712985
1973.947895791583,21.10476100766333,130.27203900924792,722.3916140584438,9.055156322143237,46.271491760969234,484.87984663423026,0.27709062740995405,24.517951283444017
1977.955911823647,10.463698495866023,103.22126951468172,680.5119954714994,11.080769990898808,43.195697806072864,582.8218238268591,3.124211538306047,24.800636120142073
1981.9639278557113,37.84955687763176,169.95745732745684,613.1101608157077,11.406720758176618,54.58392771191266,616.7613145922307,0.0,45.364841958782165
1985.9719438877755,22.84552444951943,118.38912213732114,365.6224388411938,9.095961384115283,56.52223679550822,478.77574422172273,1.266712598982851,21.313026874098497
1989.9799599198395,38.999644571310085,134.35528611139887,316.26308974562596,10.29906604372517,59.40597972741155,494.3795888434309,2.5921946383033236,45.59318123169995
1993.9879759519035,38.90859931267758,170.6472110964547,760.4239239078433,12.801449115610675,68.8400126041419,683.9241258522273,2.3616570085969126,52.40134760718572
1997.995991983968,35.5902836640208,142.42379959139922,608.325157260369,9.685548528644995,57.45175760261665,482.56596860377255,7.384063319944961,35.85269390690849
2002.004008016032,18.83346676208757,91.6898040708364,698.2686454880882,11.676550657262958,45.91477970681211,597.0961667887435,2.7016040571518474,17.986759399157478
2006.012024048096,21.552931858057757,173.9832123613475,540.7611757562751,10.076009360086188,43.32813444692666,525.0273074020315,0.0,37.78254597875079
2010.0200400801602,35.534100145505704,142.77080530714179,358.65409448119726,9.060603873219467,48.951752493076334,503.7031662910885,1.8190915459020145,46.0021982562068
2014.0280561122245,19.50766015468833,113.49056146570861,362.59289610127524,10.206007287997707,42.11371148456121,583.3765224030309,0.0,28.967572780300163
2018.0360721442885,15.084782400582775,93.92720726633873,642.7826436144857,13.879368774550269,49.23874589823457,725.3863792186717,1.8568365735507666,18.200223652859833
2022.0440881763525,26.704037873750504,159.4025189270296,515.1529474497313,13.007685559414949,56.336525816551976,662.1749340198317,0.35593197417483524,42.7606390394557
2026.0521042084167,38.08464322482343,142.00727559285136,400.26236335016836,13.797883221605167,51.65741018641939,712.5921449503744,3.8568326553287404,50.18992387251983
2030.060120240481,30.88089390024919,133.34610919763216,545.7972733707185,11.439270219631812,60.516840925314796,606.0905377001889,0.9309795710494111,35.14211014395055
2034.068136272545,27.101835102680948,169.38925830509578,332.1044685375671,9.548680993387517,51.81697501837418,480.983831214359,1.800536304682052,38.11764305303975
2038.0761523046092,12.915294813123056,158.8597211224531,590.9857009571995,11.739797444868465,47.95313551258146,640.6236703903858,0.7669604694958023,35.9821717844129
2042.0841683366732,28.45021680097509,95.16748797327512,434.49670221754883,11.271886672799805,63.12789490849813,581.2306498903448,5.519786872043335,32.784748356788924
2046.0921843687374,39.7016155031279,111.17220677955483,698.7795503185941,13.221785413698079,65.25684801826635,692.0075189762896,1.403606652132914,27.66775047581376
2050.1002004008014,14.202520457095721,104.84891398144657,455.1809794617869,9.490412903921223,46.760610997034725,501.494559621004,5.7152142873592044,16.247618585503883
2054.1082164328654,25.5498895709121,154.3946292572677,527.6100745409005,11.44120568510889,49.40114798703692,596.3203187039608,3.6824117406693984,40.634481588814964
2058.1162324649295,36.32119215783867,83.35324347357793,305.81026995405034,9.75024332346992,48.5638437215714,513.4652842815098,3.0222496871357016,22.315882551314722
2062.124248496994,32.22305853262613,136.98896848713164,336.2234438972794,10.6233796344503,53.75824764004085,528.9106213084949,2.7995905431320334,31.675459425596042
2066.132264529058,30.91047222985804,156.24586857406905,496.2467782033424,12.686785386938999,55.72223021137171,638.0606376141296,2.8537268609615607,47.276963323011515
2070.1402805611224,31.07452251961328,167.67656367617496,539.9694173585617,11.380090646843833,52.00416923527317,563.2005302035146,0.0,56.7390311671342
2074.1482965931864,20.784734536592655,114.20817487159076,600.0102740596519,10.879441425728846,51.21904836469853,570.7624041206363,1.5163815082916736,24.89399405896122
2078.1563126252504,18.8077553279348,162.12573046720127,445.83128935465163,10.972381392850176,51.351263331266246,577.5727383933905,3.7684722549938936,32.73969222919527
2082.1643286573144,34.28083466435541,91.06317369552072,647.4909430632713,11.297233842029932,57.65942399628361,593.4418777164325,1.9843699617091033,15.892923528993403
2086.1723446893784,34.30340184037542,164.6452291734518,730.0611985946023,12.925082719185284,55.62513490985798,701.645820584053,0.0,46.973426131435374
2090.180360721443,36.01216955740311,92.74886623319824,689.925494446675,13.460423444701172,60.65296535296405,693.607016691878,1.9853714595665042,30.448327758027883
2094.188376753507,37.397216576694134,119.72872905603673,319.8094126741786,13.77667343251964,62.792079071264254,711.8027871180576,5.5023994092644894,36.05118197009992
2098.1963927855713,25.340271965828133,159.72953657795534,540.2534736289144,12.934516931276475,49.18206845141126,641.0994332499049,4.59197982385501,39.59501382385069
2102.2044088176353,25.045488840615988,94.99174273487738,352.4650892090874,10.577034478740064,61.62149449539206,531.6836825637878,1.9781963900855717,17.051864893648318
2106.2124248496993,33.948855369003255,102.92513952326415,421.0225079312637,12.440673530432711,58.605735520074305,648.5751069108891,4.0091109789658725,21.329027129393427
2110.2204408817634,29.498917923332954,152.2252568393066,793.3312966335732,11.18801562027696,57.04811589402598,600.1827621277181,1.3772064001456599,43.48858823626523
2114.2284569138274,31.0590063177311,152.00365365460743,371.2477714507566,10.273353110230255,61.35514441342488,518.9257497017518,0.0,44.55717279303743
2118.2364729458914,33.873780083083034,144.11476328852973,549.4440767256781,13.204357897129613,60.46770015677686,675.2692321210898,0.2693044966867826,31.26030536518785
2122.244488977956,36.70016025452699,149.39484444671,609.0778671590596,9.192131744811626,65.56065307638885,447.5214483217369,5.248022025994352,49.89528346240036
2126.25250501002,20.139854705546075,134.27244433475963,651.2324852720519,13.508809960677118,54.03059827898255,687.8368885758853,1.5782663413514113,31.95949170757073
2130.2605210420843,21.26748857919832,105.17990589069527,579.8243417434571,11.30738732312367,50.176767837238664,600.571759678883,1.6434925622920482,27.883084072115867
2134.2685370741483,12.819458195226069,114.56959935039194,304.8854237095918,12.186007384041403,50.90261746512652,629.9510322354893,1.534592144524387,12.727284789563559
2138.2765531062123,27.34840422988522,98.15977168014257,463.23065412199594,12.296769611028914,50.72110214046354,638.7487146027298,5.946549732252226,14.910247310846064
2142.2845691382763,11.078268213902263,170.84505613336285,558.8558216923557,13.475588703532683,48.927624018599275,691.540583571024,5.394202399862403,34.624958706740735
2146.2925851703403,23.967940543973803,138.33917947661206,343.9332495724167,12.183348410836036,54.74367202217141,619.6266812015378,6.583853052066608,34.53672039774309
2150.300601202405,26.2793390412273,120.08514167636399,475.3134656045904,12.06966792380031,55.10509725829905,604.5363773686843,1.8322101804023023,36.644010126133615
2154.308617234469,18.596237563848533,126.20058036441327,316.6015543956833,9.33326020280345,51.741603569418984,490.1376251760937,2.745557594728659,29.145601287979215
2158.3166332665332,27.724997817070324,174.72833396118153,339.28924857751036,11.592040109726021,47.61958634637763,598.2001418314142,0.0,43.48442638016412
2162.3246492985973,10.915007498171484,95.33514031160801,498.46163810079804,9.750845004085209,45.96037219635288,512.3364763071404,5.116193501535147,7.302953311252714
2166.3326653306613,11.120445662476433,138.62298320167972,366.35787702153016,12.687168843607427,49.35110064355701,634.8284816376657,0.0,31.633794002031266
2170.3406813627253,34.67801681978975,130.5888678884466,583.770424130779,11.561109604063372,61.54510399713638,552.501734529667,2.6038918088879837,29.988734834048024
2174.3486973947893,20.805719242337886,141.14542354346477,644.7324845686328,12.401138896041767,48.75145786443494,661.3419735742211,0.0,39.14534248412209
2178.3567134268533,13.811815379556544,81.81101838208406,700.2933495545415,9.208364503011921,56.80158116263885,471.85027651706423,1.0006230599494614,8.243722822102407
2182.3647294589177,25.667297801644132,167.21239089441514,400.07512212240505,9.423960080229016,52.15006924892792,465.9447423942605,0.5078398673595172,49.126629237646675
2186.3727454909817,33.09980659295832,173.21182824836126,383.7412911295349,12.581616940313411,65.12464420893248,654.4626639878365,0.9706222241393461,50.04438076637412
2190.380761523046,16.474630824905297,136.51331835892088,352.2839201672001,9.360421679993367,54.180902452271994,470.7493488063017,1.112135355225089,26.60252585768616
2194.38877755511,28.686714274570008,149.6650823876892,618.2151247718184,9.356283638826293,54.99999613916819,507.5593633654016,1.097851187704956,34.70201221891003
2198.396793587174,12.560423949813039,172.24993811772958,653.2378632434506,9.060542376174437,59.12470230969757,484.9643736975593,3.8650646171477887,34.26668608762326
2202.404809619238,11.55045163505823,150.72386343133985,315.793072412821,13.7825069914974,43.85513785113148,712.270528211264,0.0,31.109920212614877
2206.4128256513022,25.94063894704444,95.25390429142614,768.1061231218449,12.687541797295035,61.69434685459828,630.1011593343964,2.647495679679036,19.868144985525625
2210.4208416833667,26.219053648303195,137.6288360166813,325.9856418257362,10.76625704251032,62.32085524803382,572.3313010880161,4.646339146294483,29.324912171978784
2214.4288577154307,29.122897044946196,140.6715046382856,570.6481676505352,10.482677906438276,55.496924631398485,546.478350976107,1.1880361286886385,33.790454285216306
2218.436873747495,31.782740011679845,122.4130671302386,654.5302597254582,10.748516148729248,67.22243398111146,549.6761724433021,0.7825990922522916,30.823806556032302
2222.444889779559,39.275562383876036,153.6444235624723,735.4845618730428,12.87326765590591,62.83644641453445,668.5956889983316,1.7613956394190575,32.862988890810044
2226.452905811623,25.48901044903586,173.43670147690148,657.0434660662139,12.306853055352072,58.717031487149676,599.5292520916236,4.585903322533044,44.801827183415625
2230.460921843687,19.688694188237378,172.55685129067763,700.8640415348959,9.925977839337339,55.75517472484854,525.4978694425272,2.618676183750403,34.40818713930107
2234.468937875751,33.85558584306111,125.08393714041321,469.725096271403,9.870546676670422,60.945627971692836,487.0316565580217,1.172040348660554,26.341622668868276
2238.476953907815,18.124967537862226,91.32380458407553,707.4125568732561,9.491978248566987,57.886064212886325,468.76788341767633,3.2062302562838947,5.638133869522072
2242.4849699398796,23.169142621169083,178.48411989623344,340.0574231923376,12.301513598506691,60.401714312143206,594.8302188967469,0.03790067026703303,33.73549509071632
2246.4929859719437,12.35369144026798,163.88980864459342,747.4083280302639,12.821863311108679,42.36404557338196,685.7691828961405,3.6092120068578395,26.10162093823113
2250.501002004008,10.760522302463725,92.46626812032669,573.7961880768681,10.32523214162502,56.91198240570279,520.8902248497013,3.0677156174075435,7.070026779137335
2254.509018036072,38.87945244033775,172.08418826173724,708.6488849812469,9.104724805154564,56.21744664071194,507.17026100549566,1.6388920757583036,58.28618820596217
2258.517034068136,35.079403615366175,166.98963620621282,526.15914225915,9.410858337382138,67.8727735107541,475.6116618758354,0.5813454371736742,42.42202394938955
2262.5250501002,30.87922618281094,131.88380571260723,621.7888475982625,13.839300174225151,66.32363977754738,676.4715149873466,0.4891632055332855,33.268254835525795
2266.533066132264,22.268588332428095,139.12754357449293,563.2013304680565,10.477223887387101,51.01012333778334,518.4267454844236,3.3361677388240842,32.209633509770924
2270.5410821643286,15.198829602125373,119.90027038701302,665.7947608776659,12.846115739190669,50.956165004576334,686.9958621860021,4.728502087142452,21.519411026602548
2274.5490981963926,14.69311128013258,85.47616388220314,340.81499101529477,12.12331784427132,47.309014261564464,613.2723783852914,0.9999336041388032,9.856696519133335
2278.557114228457,17.50728694493786,113.51972416459009,330.1760419952819,10.90969819826448,53.250180605594394,544.4244452432705,3.1953305213314254,14.04752076156516
2282.565130260521,26.476799941183614,160.28534485980114,423.55161700507324,10.028436310977776,57.349531154873524,517.3287285760968,0.0,45.752989867323
2286.573146292585,31.43787768100187,80.46320230046028,379.7723400565942,9.606932090797033,65.34870442769933,501.77542946490036,1.1173376849781858,26.02815128590259
2290.581162324649,29.80592130153194,113.34991716911442,735.8917832961008,12.075064840194333,67.266127627857,648.1779718266489,2.2284632965828455,17.588830707640373
2294.589178356713,18.398016908378285,119.81686935909434,409.60699367902214,12.87316890318894,62.06921107527318,684.9166395676762,0.4752223443930459,17.078034523918415
2298.597194388777,38.64595841989582,133.7395602937923,787.9326279095657,12.219521267705654,62.48408296483194,627.4186693067879,0.4255844448095851,35.0598236423128
2302.6052104208416,32.13690750087305,171.98556164127604,468.4478958855534,11.651510666245791,61.074448590130714,570.1080164672153,0.967046097483069,39.81538116405996
2306.6132264529056,26.63062157534202,114.63459943659612,391.0589578443496,9.20975611715818,51.03038435562437,463.95027137077403,2.8909986831056522,27.169386121400116
2310.62124248497,28.351622387030567,114.69532018962278,694.8492535712396,13.84244388797192,56.358885710733745,718.173282137391,1.9359632056722207,21.83683381351934
2314.629258517034,22.588001872833697,153.75012481097485,629.353887750438,12.993570958272873,62.410844272244816,649.2839860219445,0.0,45.09802613357198
2318.637274549098,17.431929685034724,125.22179408898072,549.0978582265695,10.464110183504824,63.16662445124048,520.5354266241375,0.0,29.04887329543857
2322.645290581162,20.679180359537845,102.4604822939982,577.6817754688157,13.899851646794254,50.62075163199255,719.1987932347748,1.108914934866811,18.914152115317837
2326.653306613226,32.735383313931074,125.24395161326933,659.6008891361319,12.009407948181611,59.93843649346559,619.2853770517555,3.24202647872033,35.80927539141274
2330.6613226452905,10.431804658892677,94.08570203797998,414.22737066564935,11.912113291036231,51.697099997557515,608.6884255800128,0.0,15.664501836173974
2334.6693386773545,13.482179215207488,97.63869865062233,798.166958028371,12.740365897147662,54.835282175248864,645.7933969042328,1.3352089863740932,9.866268375725678
2338.677354709419,11.380079260652582,129.83677727394797,787.3965810733916,13.058848940450687,48.41556912490644,671.9563301706207,1.2861816416745766,17.173213042706664
2342.685370741483,11.221864069569104,121.89254495045479,625.1628431734684,12.282393036657513,54.584944671934664,614.3898742427136,5.119360927158379,19.142557127354397
2346.693386773547,35.66381752033021,171.48459010681,399.7712254645726,9.640478731831,62.39657976028147,511.82104157798284,1.5766497633478198,50.118532546962356
2350.701402805611,31.109735781400712,116.23938991166331,640.1141212156456,10.691337529972492,62.49663459242119,574.4752868295689,3.116679372287468,27.614972829410327
2354.709418837675,24.225214872619755,138.05883502780435,336.0992044895879,13.640418201630249,61.93821705308188,655.1801289714382,2.6372236990126012,22.098181345319446
2358.717434869739,12.935024819530044,143.22642879195303,315.32625110290303,10.12307805921926,53.67397245621449,497.02347329020193,0.0,21.834144478899326
2362.7254509018035,24.74847625350497,81.30944565883337,428.8414442556068,10.860835119187566,57.446817692155705,525.9764141852448,3.899139884165278,12.769952997412569
2366.7334669338675,24.204153123416972,146.35373720167107,531.3114783696582,11.16038441472098,58.88869688075668,560.9580863990008,2.7975264778464433,31.962535031241977
2370.741482965932,15.196056097300456,97.80359668697514,734.1362527041903,11.197024948472261,54.57104291194219,580.2065756089316,3.387278762315111,23.09440310903249
2374.749498997996,23.01554947713919,176.1070317469455,663.584534883154,12.064697912472628,57.152709569118876,594.1495272761555,10.22722491187065,33.6624495606783
2378.75751503006,21.955142031921206,94.8662727753113,671.3532605999906,13.715379188723539,57.25874100322629,687.4723609916704,0.0,18.17782390743276
2382.765531062124,28.475502941566493,121.46241237270237,512.7466672240377,10.203463559162525,69.88629794454931,505.47643053321735,5.832158830584341,34.294385413614165
2386.773547094188,29.052809526029314,88.53496680786438,472.96749627348146,9.607506881504591,65.06647294460461,498.70971555141296,1.8118785082934767,28.576408061546072
2390.7815631262524,11.359120293161336,179.68742518459473,485.51938149230136,9.987352449299687,52.01778981895992,515.3200906504784,2.9654393719322716,33.65598495477675
2394.7895791583164,21.238378438794136,130.21950103312426,793.8247818680289,13.434624501046347,61.99975282511708,681.1112174416131,2.303765088555832,28.19429100135218
2398.797595190381,28.77579747142709,139.53850173200436,320.05459570624123,12.229054063276031,60.69475319074111,624.5907584777767,1.5503249283942941,35.11027508940428
2402.805611222445,25.094087757402633,86.70764773884275,733.5157480612243,10.4295339461958,66.46877929108342,532.5485680598814,1.2631397547449275,15.508690745896146
2406.813627254509,35.69469523564967,154.99604703991778,589.3377042861966,13.079734694843086,67.83183112390549,666.2337636642192,3.065831098400527,39.783799451058556
2410.821643286573,29.76080894856835,100.99055930955858,519.3077095947953,13.30684998181718,62.5603266199945,714.3907721846737,0.0,23.249232781786244
2414.829659318637,14.88803281244289,169.80542894407137,662.6288302075682,13.23257169345139,57.97919422164557,708.3166706146035,3.915987994362168,21.57611807015806
2418.837675350701,12.117062422012896,100.51396404820072,543.3344707123514,13.594632668197772,46.580903957677975,670.0400427927071,1.5864488655801932,15.43469112227281
2422.8456913827654,29.27257834618947,99.06877206636665,736.7116190408303,10.261205100866809,57.45936565620101,551.7562519721489,0.16270701330204984,20.759353397486915
2426.85370741483,10.795339316248654,83.65496678480949,750.3509320056293,12.775209643731392,47.96511877442565,677.4989412365703,1.5268279914232024,5.113248135527544
2430.861723446894,27.5732674382039,127.20669451099992,510.86046343672774,11.3026974863707,63.118583661858366,557.4954224465845,4.94516015717204,37.874335816530774
2434.869739478958,38.20690724274873,136.48411332626165,438.4138986175258,13.209992764450307,76.46342340837899,690.0276080561384,1.3641995654465118,32.32532013051052
2438.877755511022,27.26422533627637,86.57086394283523,596.175164296681,12.642453385808066,73.56616850932178,680.7665625875547,3.1557849919302625,13.199214350553376
2442.885771543086,21.645097786195656,157.55276166950105,756.1816728083454,12.882237232498623,62.870519831163335,644.3464156842933,0.9809732201121393,43.61728618954095
2446.89378757515,29.298646553270594,125.32888347480275,405.3310945028333,12.280809188405357,66.09142140286059,607.8503358350675,3.9627374874223893,23.61874391907533
2450.9018036072143,23.7475867147455,132.439026932758,611.4832917817414,9.887143847348534,51.88654075875334,533.0549204577491,3.8219172811876225,24.345906986445307
2454.9098196392783,26.36850367947805,124.07627469382282,615.7801100462602,11.725134594484691,59.56907923385449,610.1600392421352,6.152127486232102,25.122908934338838
2458.917835671343,38.24394426329576,120.0763060875326,666.5565112076405,13.92334869762254,64.36141008553355,727.1936557221467,2.107789944672912,34.759358011841975
2462.925851703407,21.58307913402323,135.9640331308218,365.7838425636299,13.686940332485594,56.945818609824165,702.1323162291985,3.80023546121922,27.990503525990658
2466.933867735471,38.83571691471742,95.52402459307125,657.9124823410443,9.215868678985059,67.91581671914419,488.3447268380471,2.66306894681336,16.942600422164062
2470.941883767535,37.160519258681916,98.1928130495271,754.5162603328205,9.824074078647186,65.638644416206,487.3097491761223,5.062685447493563,20.667841890887793
2474.949899799599,15.873734043678894,166.17856210135173,389.841554435121,9.65864386727281,47.539365965952484,515.573794129123,1.0372851245821382,30.004164488187925
2478.957915831663,12.080839026254964,174.61154621336328,418.77166246193883,12.629899549926478,59.359129110348405,667.4499272187375,3.968968541586225,33.24819899270461
2482.9659318637273,13.0233400413228,117.3309316279753,785.6975470208198,13.088926649284726,50.80727352923691,673.4294439935003,2.0935713396303637,19.010508483565864
2486.9739478957918,10.546654769546493,107.07446731435537,390.4884763547449,10.06755683155336,56.20904066324483,514.222956872033,2.3585975936787964,14.616956879561798
2490.9819639278558,12.83328882267785,144.39995432390157,727.1925466847896,11.529263464759145,66.6066970386459,567.6567995873864,2.6744869328246015,15.946752298988825
2494.9899799599198,30.490203202490704,120.87341710980964,546.1389282240174,13.203515140056,60.547978242511626,686.8450199698772,2.9994707728132743,31.87693187239332
2498.9979959919838,12.13565945380687,82.53863556603449,423.6155372015885,12.664007723831253,43.39635203301147,657.3500011418932,2.266539909748068,7.102284666777057
2503.006012024048,19.569268908812838,95.61525973661904,735.3749506362557,11.711186027459242,58.414733585486815,606.3767295520636,2.9324323783651005,20.361812493121185
2507.014028056112,35.34625932908364,151.59722288473975,522.6526275013327,11.951738452293863,73.31820840065691,635.7535686371433,5.6632501431804805,40.303147885855985
2511.0220440881762,10.698158072074776,145.89239419101514,557.4086769648451,11.541802734581399,65.36125718890388,587.1308524184165,4.481921415318613,29.51319164113898
2515.0300601202403,34.43405447766807,82.70959925034835,479.61668469988285,10.487742256594103,61.36988046897676,550.0677318885737,4.2533392451140335,19.21233296998677
2519.0380761523047,18.455643243201997,102.19721619329495,596.4754257174637,11.82510996429508,62.092079260829706,588.7564742124356,1.6079590241045636,21.427734499080174
2523.0460921843687,13.544944828649687,103.10747965880714,381.7619362925114,12.444426510250453,54.90684197411195,633.2031405838131,0.7445644357277199,15.08550857021219
2527.0541082164327,30.902114960924518,147.18927435987285,495.5407683258803,13.366614579304038,65.46239787327023,679.7098668569215,4.437655224691938,33.84772247404527
2531.0621242484967,28.86828540339652,81.97105377543642,784.7061611676438,12.18145676989624,78.27710192175337,637.1201817706601,4.283155709308085,25.07701119407863
2535.0701402805607,36.32416040581159,90.41085819845739,429.06671635056375,12.80560768521579,61.34863136654124,645.7618471746393,5.480411491782524,24.379821871036864
2539.078156312625,32.05213131411657,159.99160853731894,628.3683322706461,9.800358174772866,68.07632709078365,506.23950679332927,1.3311169043741664,41.501488760149776
2543.086172344689,34.10442791154546,97.85446620543337,462.59503211234744,11.30778737209895,70.25240326149367,595.7881629971481,2.083988861623995,14.596170011264162
2547.0941883767537,18.461037177139197,145.27461078518746,686.7365628433004,9.046658099135467,65.6013339808014,464.19971709730805,0.0,20.900421853040605
2551.1022044088177,15.323186313391684,103.81827810467266,365.4368303591749,10.233394322608115,59.17355301222668,490.50127902640736,1.766159992287072,14.759631954718724
2555.1102204408817,32.51844254922575,89.94413927593452,784.9105225392723,12.632308575565023,68.90167838095103,690.1544225385378,4.548251241599776,18.41896684182562
2559.1182364729457,34.20504217801792,104.3172190999454,526.8947706918196,13.959049756746818,66.32664298135892,741.3884125319051,1.62612747801655,19.73589162922154
2563.1262525050097,39.7151542600202,152.22669318556592,418.025231673232,9.49589049793608,72.46573688633583,461.4900279448886,3.844085842906657,40.59923605869007
2567.1342685370737,22.378530307342793,165.56964681062857,336.74837366500634,11.007471579306442,60.81598914692582,574.2701862801762,2.186128056541451,43.131951151707206
2571.142284569138,21.160542573783495,163.02198645669915,384.87895254377037,13.000354843495797,65.11097642755476,651.504615340076,3.2192563410122594,37.25245675096161
2575.150300601202,33.29238882225991,119.71835296184548,559.8869742780089,10.020178173144494,66.30114874293582,523.0752621921862,0.2797675209698678,21.105154744907885
2579.1583166332666,20.224106207590538,146.80851365706462,468.50158821564315,11.775424746511431,63.58072140597154,608.7107675523107,2.749577215901069,27.80547989886727
2583.1663326653306,37.922719768106944,100.4984295415821,714.4416829413047,12.665356480148374,70.47837246893519,650.0129184893314,0.0,19.254393015611996
2587.1743486973946,35.75238255529035,109.31477302610134,515.443761830903,12.079927251300894,75.2499295054539,603.7843621082438,2.213382032373425,22.860380116458824
2591.1823647294586,22.86982082125055,169.63358185211197,424.35713629381496,9.94012367307708,63.00158908727201,495.9260766963433,0.0,34.345082990816074
2595.1903807615226,32.52613203374492,81.3001923510736,608.572493302015,10.776922843428697,59.301711291068514,538.7794786608704,5.007179413855155,12.312992001559289
2599.198396793587,32.63628622254047,88.5508530854468,653.3886084427229,12.918958922426986,74.61171855071194,648.9131602100222,4.15401310232261,10.615738209101432
2603.206412825651,13.093716065077977,100.78862551460273,383.5209539504749,11.771132570660082,54.082324784738915,598.7186913505312,3.536548376757813,10.113108151072343
2607.2144288577156,37.076587200386996,82.65322038738198,383.8096081441588,9.026148067714564,67.41375048410372,448.50649184783794,5.649226883176476,14.459077243594384
2611.2224448897796,25.157571173435713,98.14354350897973,318.3357134667715,12.804953800140469,61.82492801429598,663.4388027252791,0.7133894032401049,1.2623807405026373
2615.2304609218436,34.79372398323225,138.30415609696922,668.2010075328203,9.176556774701195,76.57366167590709,508.6187920677629,6.1099568567529605,43.000664333996774
2619.2384769539076,19.601488030918354,122.1424550592498,631.9022638109025,12.728668913656161,51.50714248464384,643.7894487697343,4.483621605474677,25.694944034778395
2623.2464929859716,36.86569685488601,169.2671711076975,537.3154378749069,10.012402800826187,86.5865209554624,521.527693188264,2.1501359185480795,41.09903120526755
2627.2545090180356,21.676050362024895,161.7443561738441,722.0852244845985,13.790367400596901,68.66339940670342,721.1746289704416,4.898494803383924,33.18288219168831
2631.2625250501,10.32512954440895,114.1817351697876,702.8350764750267,10.839703756510422,58.90400984385227,572.5102855381574,0.4186755002268314,7.246188336051945
2635.270541082164,37.16145929257791,105.94234334312925,592.6771821983762,10.634658081690395,71.01167046485081,551.0323249087928,0.9862422180268171,32.48934162746042
2639.2785571142285,12.738600303584008,117.96924081672668,734.1356402566294,9.744440251662223,60.582641668364865,524.0997301580044,1.4220991106348277,24.853730299533282
2643.2865731462925,19.579409127712445,139.02949425148077,402.9206050183841,10.528021077451074,65.26104816867876,548.1336510767184,1.585331157018262,25.849155749070157
2647.2945891783565,38.50185901152415,106.80636408228763,355.9598096988639,13.383253809141003,75.4228992190795,655.0882363014701,0.5341793036578513,29.937546059591515
2651.3026052104206,38.51821440812668,142.4148907849134,434.8748057584948,13.981671688136236,75.06318163828898,729.5129498673522,5.097468739401071,36.34698228210277
2655.3106212424846,27.203136643698585,120.94116521912404,328.54342804465745,10.841547652534242,67.15568415297523,569.6795022133866,2.1376018205028213,16.647184480782006
2659.318637274549,28.95511636509398,135.204718085198,565.5847640005161,11.243053154772713,66.67723882650134,563.8544785750795,3.3643285739883084,26.38667039054261
2663.326653306613,23.453365659349593,123.61265291353166,768.3028461474808,12.610354691013686,64.2368494775395,654.3255766440608,1.5226239204792518,22.836852004527945
2667.3346693386775,18.796323150941937,109.44657595419177,319.6717703342548,13.430978902325371,61.770313560481114,694.8056780825176,0.0,13.2860490746245
2671.3426853707415,19.85993636109748,174.84533069621568,361.0549570050134,11.965221670933921,69.02567237229889,604.9064558652592,3.2114574021535858,34.57687414853085
2675.3507014028055,30.175553682311154,156.36057941597608,526.0995141417177,10.957628490889146,71.56257448061601,585.1239709240291,0.0,34.785445864374765
2679.3587174348695,32.5712358831304,94.01131757664525,766.9375087639525,11.06310920424312,55.17084911694119,623.4410353674618,2.542090625263932,17.291033550882773
2683.3667334669335,33.74737131177545,166.84679758979127,458.07805248837525,12.478090732484034,73.82052420787521,621.9271575461534,0.0,40.35535005064318
2687.3747494989975,33.68854428383662,128.74311982495135,553.6174043441962,9.016091318021394,71.56544810549212,439.7921959683201,6.661926747960614,23.290435262430734
2691.382765531062,12.736183091460711,169.45522268940914,320.78642952519607,12.097946687299203,60.10220307412211,620.5972991628136,4.514108209880505,26.705749951602797
2695.390781563126,24.832609141077445,159.98552559473154,374.17160048104444,10.777465052206788,64.38152793635682,564.5296507272935,2.9068983641060866,27.035133104827075
2699.3987975951904,11.726762800499328,122.52135044692335,793.3150614794234,12.97098665638542,65.47192095208355,667.7314571867583,5.226812152904528,20.514876306805768
2703.4068136272545,26.485866469712064,82.24693083201174,782.5593482180227,9.46495319911566,72.04870181801542,525.7896536687443,1.010774858695783,0.354709638985387
2707.4148296593185,23.24591504120131,106.8677359384946,302.4699904672048,11.941011334741953,61.90686577466898,579.3525504566487,3.7943735869995043,22.377081722140474
2711.4228456913825,36.63112548274899,134.16342146608667,775.9058927116195,11.404864449430619,74.57928109082482,607.3787717135118,3.1110437131288093,38.38210771060089
2715.4308617234465,20.52745037656236,143.34782198261473,619.5599689077502,12.211627629526138,59.714058750043684,617.0509641283616,3.2434710243907867,24.60286023091802
2719.438877755511,13.512010492828175,105.78876854332023,733.959147260011,9.324267972414841,54.246691977579644,522.6197311626884,5.264145877969046,-1.717438407281442
2723.446893787575,14.289750461585076,93.93560740728242,527.3699278169296,11.899918937140656,58.48022698359421,650.667351754903,4.18843109934718,6.284535705265062
2727.4549098196394,32.84531895152416,163.4930236799299,557.7980142896251,11.807422939797618,75.28372503406865,591.7719556629027,3.3049022354696858,37.87509667510056
2731.4629258517034,28.54654189948783,178.44021807035523,544.42329012846,11.803300472080855,73.66815469365841,595.5065795897249,0.0,35.43771601268889
2735.4709418837674,13.033680283683708,132.56901823026857,633.4321287730522,12.017438332982273,63.79168608000367,637.0666382519013,0.8153783513248403,16.35674422304353
2739.4789579158314,12.523204183449923,97.16792858483035,369.82562737815647,12.382339686131811,64.67666018428157,622.469140132145,2.494061090724383,15.668167082332506
2743.4869739478954,31.0290739437736,107.2307326519369,314.986794936339,13.02494499840385,72.96516788641951,659.7886294096379,2.930231722501198,23.57352283949762
2747.4949899799594,12.182890190925805,81.83906765474667,453.9649707955955,10.349103600641072,57.83393691894733,531.5818975667697,0.4870875406321118,-1.4546050798031898
2751.503006012024,34.65580177871068,171.4298806560499,652.3403813683233,13.12524705090031,74.51757373296552,637.439100862112,7.574856357168866,33.25383917807291
2755.511022044088,31.187266814694887,91.77510828901411,400.9267260614742,11.491278411317268,74.70590147436761,586.3149674258228,5.788299132551234,13.935969085561945
2759.5190380761524,12.440463419256993,137.65164755142536,636.7162166624587,9.385291395671656,65.18206912021941,474.5715008021731,3.9637556788611192,18.853251697542387
2763.5270541082164,12.545131422555757,107.4055220687206,784.9560230536352,9.292754646219896,67.48767365081542,478.3239565546084,2.907600776675706,13.339947727628475
2767.5350701402804,39.59918735503526,135.41780025157934,346.9503578947092,10.671191593480303,78.69181431632856,572.8407304802328,2.343117130337977,30.072999488750334
2771.5430861723444,21.22812387268361,145.14203883518644,636.3010591125632,12.924484885557337,67.80216469749661,640.1831381656586,0.8677061661278731,28.998740601983602
2775.5511022044084,21.11926441200673,162.97418037072015,521.8751096522856,12.538404673704578,71.42140544167367,658.8405907097571,2.9305121392421336,41.37214549547647
2779.559118236473,34.383987017725076,100.64212717606031,734.0711271887526,12.943074823362032,72.6505695773467,663.596616377128,3.2950641985219744,23.666545591537215
2783.567134268537,38.41745732151576,81.09958286584805,388.574894723693,11.586345282208047,70.47069808999002,585.3793075821965,0.3000459833052882,15.462489641173065
2787.5751503006013,39.58003191468613,93.68856300688073,646.3129761130822,11.200994989777453,74.72618414363627,595.2465766932993,3.4559279847903968,19.105081001134796
2791.5831663326653,32.60134555776825,170.00186418481053,719.0576448240552,9.73726263353142,68.40782288150518,515.2358869126705,2.4810650686831677,37.60203470010127
2795.5911823647293,21.287787565927474,167.38900775625154,772.3071097370116,10.640963768046557,63.17982605538642,566.6296616388288,0.0,38.807888848452635
2799.5991983967933,12.505021500960062,139.74131021703084,641.6240141448229,11.170096830869376,61.52190136483831,597.1172551784707,1.0788291768377896,17.04234460186484
2803.6072144288573,33.3144074778231,140.05168604336535,548.5873820042136,9.443002148398087,68.76724842248889,481.98156121636424,1.976396147585569,30.862750952632496
2807.6152304609213,26.752127492074152,146.50366745462554,608.923620100607,10.103059763556056,67.9885607070603,511.175962090666,6.5829905451413016,29.50700118722095
2811.623246492986,22.726660277409287,97.53712786234496,734.4524922393591,11.991126470318694,58.127721733795426,599.8868877519594,3.924729495560502,9.999315068420612
2815.63126252505,37.19063155284208,171.44119459249598,585.3048733194148,12.678315571195949,75.97440956378672,634.9667141598007,0.1446681243252672,35.00903378949883
2819.6392785571143,13.33592446918454,121.8770524892073,315.19352984841845,13.991737556964749,63.06677518254567,768.0245722498645,3.7917118573923885,16.64955771387166
2823.6472945891783,24.778753128725775,118.31385282494975,765.4743477534889,13.66556665671779,64.7768793008055,731.13615488323,0.0,19.34203960667911
2827.6553106212423,10.340609343022573,131.89177052828376,644.7633755157806,12.212825997675957,65.01963922609816,602.9627138251109,4.993037418395389,18.962485070966842
2831.6633266533063,24.05981925982379,84.69659667750551,638.2566928886233,11.10624026647036,73.35102685111082,548.0105549753054,1.8894140230175491,6.454253834434645
2835.6713426853703,11.689098270455121,96.62833687560794,407.8375761988586,12.180886823541163,54.52017666709009,630.9167896973937,2.6483989652070288,12.580443265121477
2839.6793587174348,13.564537488042157,153.80336164263704,629.4427351163285,12.92825809040116,59.76223202553871,676.2414825211072,5.491272653801815,20.14261474357862
2843.6873747494988,13.525787403313146,88.27986679251265,496.9322028270792,9.591680954616937,59.790929447710056,505.4696905220065,0.26936023758099914,13.370181412004843
2847.695390781563,29.476309063481906,140.3152109466388,625.6164885207461,11.049524448481442,66.9925468418279,566.1456012086205,0.05345902055558094,19.617581358775652
2851.703406813627,32.3813463779627,104.5349109681321,353.29651515399536,13.199011428178085,77.37211553491262,668.0403816634661,1.6845047541216176,21.207962734069163
2855.7114228456912,27.50106295291479,118.92956140419766,628.922652301518,10.91916475966522,69.8956292395072,571.3835080354937,4.932469124884324,23.249439081892895
2859.7194388777552,38.86517645423626,108.86937367706999,799.7068628853333,11.859361356135933,75.30440279812018,618.6771338192233,0.0,19.518420601757164
2863.7274549098192,21.246117385711123,115.56727164649492,324.106019430278,11.938846804310991,57.87829596901818,562.2795133435071,0.0,18.77793532701091
2867.7354709418832,18.57136258845582,151.90459051842456,788.5870921106587,9.922381265668196,69.8174808641117,515.1806834352257,1.965417754123886,32.57729708913723
2871.7434869739477,36.057973845683804,109.71217156231751,503.4539803614353,10.811177208261443,69.2675646880535,538.6343511387089,3.9752250867957883,11.141109325027351
2875.7515030060117,16.70787515558358,136.64046402968972,735.3767251686295,10.672556443709661,66.16863078924366,559.1933523187123,5.27627500248367,23.102285794092655
2879.759519038076,38.89667618321834,127.60504021990997,691.1927420291368,9.130983542660324,78.43041316216166,536.9901394459584,1.9534367948672782,16.465900865551014
2883.76753507014,10.36463424069449,146.3671165362648,583.508130493334,9.120958819456776,69.6609608009433,480.90281819712493,2.0609143208381355,15.426452712909239
2887.775551102204,39.09636480122917,173.68297393247582,669.2246046256632,13.158485218378868,70.75959142706311,671.7304053342652,5.195577019613699,50.92115089384001
2891.783567134268,11.294797358517283,153.25720972102505,739.257780650674,10.365354049864063,48.38550924283988,558.8814659522684,0.0,19.7978157572632
2895.791583166332,36.73429341094213,101.49403785907568,502.0701608255165,11.590393831194078,77.20222609256618,604.2355541286537,2.1187500328003135,13.988042409485587
2899.7995991983967,25.831033272588996,83.11831350612847,463.5165807816194,10.493627867943864,79.91406452781669,546.9887806296786,3.280647379048512,7.863326051225669
2903.8076152304607,39.78894388357901,106.22640442998251,633.7966927817923,13.703396225576704,84.16535601109591,716.3207239266023,3.8022450578005293,33.06384880929741
2907.815631262525,12.213896942061966,139.50779307002549,703.9229709706293,10.296483794328868,65.31155817265463,577.072750142153,1.88820224488076,9.722718843383245
2911.823647294589,26.615628532039622,85.14258134842504,681.142567388308,11.148284063694675,69.08610628375136,555.2307114998647,2.980705670706272,4.47580263940471
2915.831663326653,39.079076068572974,129.63662472012362,698.9068244293172,13.36365125242301,81.8917842840061,698.6224088902591,0.0,36.75936723295517
2919.839679358717,25.692935325104465,139.68428489168892,517.7916574064665,13.209667833959044,66.37553025120422,657.4895188205154,1.6033428546910207,34.84186805416039
2923.847695390781,28.881959144057877,113.42438908169609,708.9171080875108,9.930507089231387,75.29972232662566,528.9031206310397,3.830865120499716,18.71266322117853
2927.855711422845,30.872460669538516,157.09122037458218,360.1045276853042,13.013216548978551,76.52069535905929,643.0902330497647,0.9632676429134861,27.08977582028225
2931.8637274549096,23.636231943033195,90.65982531337718,572.2445489804247,11.290934433689463,75.75644005810919,573.3667218817842,3.0498321706341045,20.176643800026447
2935.8717434869736,28.8267424025219,87.51377817358087,302.8793302490608,11.414844360426777,86.92910626555582,573.9267996440526,3.8296167450923697,19.280999177211463
2939.879759519038,27.529429357693008,152.81887562036033,462.2929149501351,9.66739986207972,74.5243897051211,516.7551149393842,2.254781357803508,33.60631470857538
2943.887775551102,37.034740314729675,129.54913162061985,483.2307674356989,9.403007568785624,74.85030753984938,503.0163903412004,3.284815317544244,23.881220143352667
2947.895791583166,11.363391410243736,148.8402396427736,498.0863458046277,12.639696534868825,64.51173997582522,622.0130695886525,1.0224306610139415,20.609662977932107
2951.90380761523,18.42889568776691,123.48273386037462,647.7336033449311,11.482305761776498,59.40714447174247,594.6459784091697,2.538681248223137,15.938429520619387
2955.911823647294,38.51234452229676,104.64020332391068,494.2790506351729,11.184253513075898,74.90084307864898,559.8494500778667,4.176344162825739,22.743371544926532
2959.9198396793586,36.70791351672749,161.91023176742,524.3468113112654,12.647541143261984,75.5059413613854,622.9373632889304,3.273865761616227,44.58283508245283
2963.9278557114226,23.669702583571386,159.94158789689794,418.77206543716375,12.82756449495555,68.49296641634118,649.601045702405,1.7908653165835515,34.57513430942786
2967.935871743487,28.603977934046103,149.46964708544266,486.62589581467,9.794540838346768,74.42248076206141,498.1561630226621,3.416368680325073,24.076643990297182
2971.943887775551,18.32143548943398,107.21451372299627,413.63481363157575,12.051125747388205,64.48749583831702,663.4996615052679,4.401163469048788,18.488115233958045
2975.951903807615,15.64363479171284,139.0230666869087,336.59796188422183,9.676770411388429,72.94600880863106,502.595655933162,0.0,21.334879063918656
2979.959919839679,23.910952148199463,116.09738969400269,601.724296690689,12.756875430145229,71.5557097954843,628.3431503928974,5.298108049751475,20.42042276319833
2983.967935871743,20.600566840781585,89.15820733266341,634.1063992775081,12.284775781335698,69.9331405321326,621.9665009616913,2.3114584585095996,14.540770557865397
2987.975951903807,27.509683355526164,171.73135754622427,609.7451730048073,13.78307310541729,71.87488713327463,727.8736763695968,3.8389558183842674,29.83658817502453
2991.9839679358715,12.332039108949544,93.68186309189613,531.7470219002862,9.344790081782106,66.7816523324871,524.9607702035123,5.3864778152263275,4.171610909152579
2995.991983967936,39.23184422998499,175.02373538208025,489.89289008961487,9.285273605756272,83.66125311768938,447.24080074574283,0.2526445895070042,39.50585013314114
3000.0,39.586322334388086,124.60057729579557,731.6668247859127,10.410935373466,75.45751008863954,504.8982857140965,1.5811179951449068,19.334037229105437
